,#,Coin,,Price,1h,24h,7d,30d,24h Volume,Market Cap,FDV,Market Cap / FDV,Last 7 Days
,1,Bitcoin                          BTC,Buy,"$78,069.94",0.2%,0.0%,11.1%,14.4%,"$54,209,425,696","$1,560,810,174,326","$1,560,810,174,326",1.0,
,2,Ethereum                          ETH,Buy,"$2,294.56",0.4%,2.3%,21.3%,26.8%,"$32,382,163,516","$277,175,326,702","$277,175,326,702",1.0,
,3,Tether                          USDT,,$0.9991,0.0%,0.0%,0.0%,0.0%,"$96,015,018,293","$185,193,152,550","$190,655,355,204",0.97,
,4,BNB                          BNB,Buy,$772.69,0.1%,0.6%,12.3%,13.0%,"$1,365,137,101","$105,404,109,711","$105,404,108,613",1.0,
,5,XRP                          XRP,Buy,$1.61,0.1%,1.2%,14.1%,23.4%,"$2,848,462,261","$98,006,586,877","$161,031,042,146",0.61,
,6,USDC                          USDC,,$0.9998,0.0%,0.0%,0.0%,0.0%,"$16,213,014,593","$70,620,417,179","$70,619,500,730",1.0,
,7,Solana                          SOL,Buy,$102.88,0.0%,0.7%,16.4%,23.4%,"$4,310,451,928","$58,340,580,884","$63,815,246,385",0.91,
,8,TRON                          TRX,Buy,$0.2831,0.1%,0.2%,3.5%,3.8%,"$659,743,551","$26,808,015,845","$26,808,001,201",1.0,
,9,Lido Staked Ether                          STETH,Buy,"$2,295.16",0.2%,1.9%,21.1%,26.8%,"$40,136,238","$22,029,050,170","$22,029,143,153",1.0,
,10,Dogecoin                          DOGE,Buy,$0.1079,0.2%,0.8%,11.2%,29.1%,"$1,271,475,308","$18,197,159,436","$18,201,805,228",1.0,
,11,Figure Heloc                          FIGR_HELOC,Buy,$1.03,0.0%,1.4%,0.2%,1.4%,"$7,673,179","$15,450,349,139","$15,450,349,139",1.0,
,12,Cardano                          ADA,Buy,$0.2992,0.2%,0.5%,14.0%,25.5%,"$524,731,532","$11,006,472,311","$13,463,540,042",0.82,
,13,WhiteBIT Coin                          WBT,Buy,$51.37,0.1%,0.4%,4.2%,10.8%,"$59,816,676","$10,972,321,913","$16,439,749,384",0.67,
,14,Bitcoin Cash                          BCH,Buy,$525.08,0.5%,0.9%,10.6%,18.1%,"$304,574,387","$10,499,326,992","$10,499,326,992",1.0,
,15,Wrapped stETH                          WSTETH,Buy,"$2,814.39",0.2%,0.5%,21.2%,26.6%,"$44,831,197","$10,101,836,354","$10,111,068,502",1.0,
,16,Wrapped Bitcoin                          WBTC,Buy,"$77,755.65",0.2%,0.2%,11.3%,14.6%,"$219,407,874","$9,561,163,877","$9,561,163,877",1.0,
,17,USDS                          USDS,,$0.9997,0.0%,0.0%,0.0%,0.0%,"$13,314,939","$9,224,002,392","$9,227,515,482",1.0,
,18,Binance Bridged USDT (BNB Smart Chain)                          BSC-USD,,$0.9990,0.0%,0.1%,0.0%,0.0%,"$691,994,099","$8,976,086,548","$8,976,086,548",1.0,
,19,Hyperliquid                          HYPE,Buy,$35.83,0.0%,9.8%,30.7%,42.0%,"$1,045,279,449","$8,538,372,661","$34,466,276,703",0.25,
,20,Wrapped Beacon ETH                          WBETH,Buy,"$2,497.27",0.2%,1.2%,21.1%,26.7%,"$15,655,077","$8,445,737,364","$8,445,737,365",1.0,
,21,LEO Token                          LEO,Buy,$8.73,1.1%,2.6%,5.6%,2.4%,"$2,261,659","$8,035,584,836","$8,589,599,925",0.94,
,22,Wrapped eETH                          WEETH,Buy,"$2,494.43",0.2%,0.9%,21.1%,26.7%,"$10,659,529","$7,485,600,954","$7,485,600,954",1.0,
,23,Canton                          CC,Buy,$0.1904,0.2%,5.8%,25.0%,26.2%,"$35,146,526","$7,159,252,603","$7,159,286,541",1.0,
,24,Monero                          XMR,Buy,$378.52,1.4%,7.8%,20.7%,13.0%,"$124,502,474","$6,981,614,178","$6,981,614,178",1.0,
,25,Chainlink                          LINK,Buy,$9.68,0.3%,0.4%,18.4%,28.2%,"$467,948,704","$6,866,109,740","$9,696,525,952",0.71,
,26,Ethena USDe                          USDE,,$0.9983,0.0%,0.0%,0.1%,0.1%,"$99,225,708","$6,535,282,504","$6,535,282,504",1.0,
,27,Coinbase Wrapped BTC                          CBBTC,Buy,"$78,194.14",0.1%,0.4%,11.0%,14.2%,"$348,014,445","$6,131,674,237","$6,131,674,237",1.0,
,28,Stellar                          XLM,Buy,$0.1770,0.3%,2.1%,13.5%,24.6%,"$114,118,669","$5,765,654,481","$8,854,761,489",0.65,
,29,WETH                          WETH,Buy,"$2,297.39",0.1%,1.6%,21.0%,26.8%,"$105,728,980","$5,148,665,194","$5,167,696,884",1.0,
,30,USD1                          USD1,,$1.00,0.0%,0.1%,0.1%,0.0%,"$2,244,665,625","$5,093,490,375","$5,113,796,320",1.0,
,31,Zcash                          ZEC,Buy,$285.71,0.3%,5.2%,24.4%,43.0%,"$400,929,145","$4,719,266,794","$4,719,266,794",1.0,
,32,Litecoin                          LTC,Buy,$60.03,0.2%,0.4%,12.7%,27.3%,"$400,663,469","$4,611,687,803","$4,611,691,180",1.0,
,33,Sui                          SUI,Buy,$1.14,0.2%,0.4%,19.9%,32.5%,"$643,509,008","$4,405,737,618","$11,454,862,169",0.38,
,34,Avalanche                          AVAX,Buy,$10.12,0.2%,0.0%,12.9%,28.4%,"$284,717,832","$4,371,987,704","$4,692,688,197",0.93,
,35,Dai                          DAI,Buy,$0.9995,0.1%,0.0%,0.0%,0.0%,"$60,479,536","$4,302,768,715","$4,302,768,715",1.0,
,36,USDT0                          USDT0,,$0.9984,0.1%,0.1%,0.0%,0.1%,"$307,606,622","$4,245,874,823","$4,248,285,291",1.0,
,37,sUSDS                          SUSDS,,$1.08,0.0%,0.0%,0.0%,0.2%,"$16,130,900","$4,241,093,895","$4,246,865,904",1.0,
,38,Shiba Inu                          SHIB,Buy,$0.056892,0.3%,0.9%,9.5%,22.0%,"$140,326,118","$4,064,609,633","$4,066,379,207",1.0,
,39,Hedera                          HBAR,Buy,$0.09148,0.1%,1.9%,13.1%,26.8%,"$108,653,073","$3,938,797,399","$4,579,662,696",0.86,
,40,Ethena Staked USDe                          SUSDE,,$1.22,0.0%,0.0%,0.0%,0.3%,"$18,045,910","$3,753,727,140","$3,753,727,140",1.0,
,41,PayPal USD                          PYUSD,,$0.9998,0.0%,0.0%,0.0%,0.0%,"$188,829,823","$3,566,189,584","$3,566,189,584",1.0,
,42,World Liberty Financial                          WLFI,Buy,$0.1298,0.5%,0.3%,17.6%,23.9%,"$88,459,796","$3,532,360,055","$12,965,737,989",0.27,
,43,Tether Gold                          XAUT,Buy,"$4,909.99",0.5%,4.0%,3.2%,13.0%,"$1,128,637,053","$3,502,772,165","$3,502,772,165",1.0,
,44,Toncoin                          TON,Buy,$1.38,0.2%,2.1%,8.1%,25.6%,"$83,926,856","$3,366,862,599","$7,120,983,710",0.47,
,45,Cronos                          CRO,Buy,$0.08284,0.2%,3.9%,8.2%,21.0%,"$31,090,383","$3,300,170,904","$8,149,609,026",0.4,
,46,Rain                          RAIN,Buy,$0.009529,0.0%,0.5%,5.6%,19.3%,"$37,521,241","$3,238,300,416","$10,958,008,478",0.3,
,47,MemeCore                          M,Buy,$1.51,0.1%,3.2%,2.3%,2.6%,"$8,626,710","$2,623,558,640","$8,078,091,004",0.32,
,48,Polkadot                          DOT,Buy,$1.53,0.3%,0.6%,16.8%,29.3%,"$133,566,851","$2,540,370,347","$2,540,370,347",1.0,
,49,Uniswap                          UNI,Buy,$3.93,0.2%,0.5%,15.3%,33.7%,"$188,708,118","$2,495,026,530","$3,537,307,174",0.71,
,50,Mantle                          MNT,Buy,$0.7219,0.5%,0.5%,17.9%,31.4%,"$52,683,321","$2,348,573,303","$4,490,246,724",0.52,
,51,PAX Gold                          PAXG,Buy,"$4,930.62",0.5%,3.8%,3.1%,13.4%,"$1,117,027,618","$2,218,903,831","$2,218,903,831",1.0,
,52,Bitget Token                          BGB,Buy,$3.06,0.1%,1.2%,14.2%,13.4%,"$29,273,481","$2,144,096,954","$2,808,589,488",0.76,
,53,Falcon USD                          USDF,,$0.9935,0.1%,0.2%,0.2%,0.5%,"$4,509,282","$2,030,658,481","$2,030,658,481",1.0,
,54,Aave                          AAVE,Buy,$127.94,0.2%,0.4%,16.9%,22.3%,"$305,482,983","$1,943,706,955","$2,047,659,465",0.95,
,55,Bittensor                          TAO,Buy,$195.03,0.1%,1.4%,15.2%,26.4%,"$105,304,041","$1,876,250,628","$4,105,371,205",0.46,
,56,OKB                          OKB,Buy,$87.59,0.3%,1.1%,15.7%,23.5%,"$21,112,585","$1,840,705,139","$1,840,705,139",1.0,
,57,Pepe                          PEPE,Buy,$0.054264,0.1%,0.6%,14.0%,39.0%,"$351,403,505","$1,794,862,877","$1,794,862,877",1.0,
,58,BlackRock USD Institutional Digital Liquidity Fund                          BUIDL,Buy,$1.00,0.0%,0.0%,0.0%,0.0%,$0.00,"$1,706,819,617","$1,706,819,617",1.0,
,59,Circle USYC                          USYC,Buy,$1.11,0.0%,0.0%,0.2%,0.3%,"$668,555","$1,668,490,296","$1,668,490,296",1.0,
,60,HTX DAO                          HTX,Buy,$0.051742,0.0%,0.7%,2.0%,3.3%,"$16,599,142","$1,596,391,097","$1,596,391,097",1.0,
,61,Global Dollar                          USDG,,$0.9998,0.0%,0.0%,0.0%,0.0%,"$43,386,653","$1,578,620,458","$1,578,620,458",1.0,
,62,NEAR Protocol                          NEAR,Buy,$1.20,0.2%,0.2%,17.1%,30.1%,"$139,135,578","$1,548,869,676","$1,548,869,698",1.0,
,63,Jupiter Perpetuals Liquidity Provider Token                          JLP,Buy,$4.08,0.0%,0.6%,9.9%,13.3%,"$39,843,340","$1,529,542,549","$1,529,542,549",1.0,
,64,Ethereum Classic                          ETC,Buy,$9.70,0.1%,0.2%,13.5%,24.3%,"$48,037,619","$1,508,602,358","$1,508,602,358",1.0,
,65,Internet Computer                          ICP,Buy,$2.71,0.5%,0.2%,16.2%,15.6%,"$76,833,722","$1,483,937,070","$1,483,937,070",1.0,
,66,syrupUSDC                          SYRUPUSDC,,$1.15,0.0%,0.0%,0.1%,0.4%,"$11,076,874","$1,475,160,546","$1,490,481,868",0.99,
,67,Jito Staked SOL                          JITOSOL,Buy,$129.44,0.1%,0.6%,16.8%,23.0%,"$48,745,705","$1,465,871,841","$1,465,871,841",1.0,
,68,Ripple USD                          RLUSD,,$0.9999,0.0%,0.0%,0.0%,0.0%,"$195,006,232","$1,459,089,056","$1,459,089,056",1.0,
,69,Aster                          ASTER,Buy,$0.5879,0.6%,4.0%,8.9%,22.0%,"$182,313,711","$1,443,257,901","$4,656,963,524",0.31,
,70,Pump.fun                          PUMP,Buy,$0.002423,1.1%,2.9%,20.9%,3.9%,"$216,458,618","$1,430,212,197","$2,424,062,290",0.59,
,71,Sky                          SKY,Buy,$0.06169,0.1%,0.7%,2.1%,0.6%,"$20,676,753","$1,421,307,933","$1,449,376,434",0.98,
,72,Pi Network                          PI,Buy,$0.1616,1.3%,1.6%,5.9%,24.0%,"$13,419,307","$1,415,777,984","$2,178,119,975",0.65,
,74,Binance-Peg WETH                          WETH,Buy,"$2,294.82",0.3%,2.0%,21.1%,26.8%,"$66,000,331","$1,395,138,585","$1,395,138,585",1.0,
,75,Ondo                          ONDO,Buy,$0.2862,0.4%,1.1%,13.0%,34.9%,"$64,774,459","$1,394,443,128","$2,863,726,514",0.49,
,73,Kelp DAO Restaked ETH                          RSETH,Buy,"$2,443.34",0.2%,1.4%,21.1%,26.6%,"$629,278","$1,393,263,674","$1,393,263,674",1.0,
,76,Wrapped SOL                          SOL,Buy,$102.84,0.1%,0.7%,16.4%,23.4%,"$1,826,281,215","$1,375,540,369","$1,375,540,369",1.0,
,77,BFUSD                          BFUSD,,$0.9988,0.0%,0.0%,0.1%,0.0%,"$21,852,346","$1,318,472,093","$1,318,472,093",1.0,
,78,Binance Bridged USDC (BNB Smart Chain)                          USDC,,$0.9997,0.0%,0.0%,0.0%,0.0%,"$133,375,417","$1,288,616,289","$1,288,616,289",1.0,
,79,KuCoin                          KCS,Buy,$9.26,0.1%,1.6%,12.9%,16.5%,"$3,211,884","$1,223,604,177","$1,316,192,727",0.93,
,80,Wrapped BNB                          WBNB,Buy,$772.37,0.3%,0.8%,12.4%,12.9%,"$604,340,588","$1,216,602,025","$1,215,451,400",1.0,
,81,POL (ex-MATIC)                          POL,Buy,$0.1135,0.9%,8.2%,1.8%,5.6%,"$145,425,484","$1,202,659,283","$1,202,659,283",1.0,
,82,Provenance Blockchain                          HASH,Buy,$0.02134,0.1%,1.0%,19.2%,27.9%,"$8,253.25","$1,156,668,524","$2,134,387,820",0.54,
,83,Worldcoin                          WLD,Buy,$0.4108,0.2%,2.1%,9.6%,30.8%,"$79,149,066","$1,145,114,121","$4,113,213,587",0.28,
,84,Gate                          GT,Buy,$8.14,0.3%,1.8%,16.9%,22.6%,"$2,698,743","$1,133,103,428","$1,133,103,428",1.0,
,85,MYX Finance                          MYX,Buy,$5.86,0.6%,1.1%,3.2%,0.1%,"$22,686,699","$1,118,082,802","$5,860,926,855",0.19,
,86,Ethena                          ENA,Buy,$0.1391,0.1%,0.6%,16.4%,43.2%,"$121,352,525","$1,107,612,034","$2,087,782,353",0.53,
,87,Binance Staked SOL                          BNSOL,Buy,$111.96,0.4%,1.3%,17.3%,23.7%,"$16,538,583","$1,051,745,288","$1,051,745,288",1.0,
,88,USDD                          USDD,,$0.9991,0.0%,0.1%,0.0%,0.0%,"$15,880,837","$1,016,796,928","$1,023,755,207",0.99,
,89,Quant                          QNT,Buy,$67.72,0.3%,1.6%,7.6%,14.7%,"$19,058,103","$985,494,077","$990,123,135",1.0,
,90,Cosmos Hub                          ATOM,Buy,$2.00,0.4%,2.1%,9.1%,13.1%,"$33,976,697","$984,312,578","$984,317,544",1.0,
,91,Official Trump                          TRUMP,Buy,$4.21,0.4%,0.1%,11.3%,22.2%,"$195,569,301","$978,369,230","$4,208,061,283",0.23,
,92,Aptos                          APT,Buy,$1.27,0.2%,0.1%,16.9%,33.4%,"$69,433,200","$976,254,234","$1,522,959,089",0.64,
,93,Rocket Pool ETH                          RETH,Buy,"$2,659.04",0.1%,0.6%,20.9%,26.6%,"$855,731","$952,449,914","$952,449,914",1.0,
,94,Algorand                          ALGO,Buy,$0.1064,0.3%,2.6%,10.5%,21.3%,"$38,268,714","$944,924,761","$944,924,761",1.0,
,95,Lombard Staked BTC                          LBTC,Buy,"$78,266.80",0.2%,0.0%,11.2%,14.3%,"$2,680,109","$909,500,746","$909,500,746",1.0,
,96,Kaspa                          KAS,Buy,$0.03347,0.3%,5.5%,14.7%,31.3%,"$33,300,293","$898,595,403","$911,832,534",0.99,
,97,USDtb                          USDTB,,$0.9979,0.1%,0.1%,0.1%,0.1%,"$2,270,403","$890,109,888","$889,528,371",1.0,
,98,Polygon Bridged USDC (Polygon PoS)                          USDC.E,,$0.9997,0.0%,0.0%,0.0%,0.0%,"$27,284,314","$886,713,629","$886,713,629",1.0,
,99,Function FBTC                          FBTC,Buy,"$78,001.81",0.0%,0.2%,11.4%,14.3%,"$279,735","$856,739,134","$856,739,134",1.0,
,100,Flare                          FLR,Buy,$0.01005,0.1%,0.6%,3.7%,12.1%,"$4,992,487","$852,006,320","$1,056,263,449",0.81,
,102,Kinetiq Staked HYPE                          KHYPE,Buy,$36.18,0.1%,10.6%,29.9%,42.6%,"$18,433,484","$820,611,755","$820,611,755",1.0,
,101,Superstate Short Duration U.S. Government Securities Fund (USTB)                          USTB,Buy,$10.98,0.0%,0.0%,0.1%,0.3%,$0.00,"$820,103,803","$821,182,747",1.0,
,103,Render                          RENDER,Buy,$1.57,0.4%,0.7%,13.5%,11.8%,"$66,999,641","$816,670,482","$839,909,071",0.97,
,104,NEXO                          NEXO,Buy,$0.8139,0.9%,0.6%,12.8%,13.7%,"$10,628,185","$814,712,146","$814,712,146",1.0,
,105,Midnight                          NIGHT,,$0.04900,0.1%,4.3%,17.7%,46.0%,"$14,163,358","$814,411,173","$1,176,937,321",0.69,
,106,Filecoin                          FIL,Buy,$1.08,0.1%,1.7%,13.7%,28.0%,"$82,681,382","$810,154,837","$2,125,537,231",0.38,
,107,syrupUSDT                          SYRUPUSDT,,$1.11,0.0%,0.0%,0.0%,0.3%,"$746,127","$807,855,953","$807,855,953",1.0,
,108,Arbitrum                          ARB,Buy,$0.1361,0.1%,1.3%,18.6%,36.1%,"$102,019,545","$794,170,580","$1,362,965,295",0.58,
,110,VeChain                          VET,Buy,$0.008571,0.3%,1.0%,14.1%,28.1%,"$22,036,688","$737,753,085","$737,753,085",1.0,
,109,WrappedM by M0                          WM,,$0.9937,0.3%,0.5%,0.6%,0.6%,"$2,530,465","$733,553,753","$733,553,878",1.0,
,111,Janus Henderson Anemoy AAA CLO Fund                          JAAA,Buy,$1.02,0.0%,0.0%,0.1%,0.4%,$0.00,"$727,373,912","$727,373,912",1.0,
,112,XDC Network                          XDC,Buy,$0.03771,0.8%,0.7%,2.0%,28.2%,"$36,894,391","$719,726,678","$1,434,475,892",0.5,
,113,Morpho                          MORPHO,Buy,$1.28,0.1%,8.8%,5.3%,9.4%,"$29,528,850","$701,285,350","$1,285,184,517",0.55,
,114,Ondo US Dollar Yield                          USDY,,$1.10,0.2%,0.3%,0.5%,1.6%,"$1,444,684","$690,044,354","$1,375,423,973",0.5,
,115,OUSG                          OUSG,Buy,$114.17,0.0%,0.0%,0.1%,0.3%,$0.00,"$679,046,904","$679,046,904",1.0,
,116,Spiko EU T-Bills Money Market Fund                          EUTBL,Buy,$1.23,0.0%,0.2%,1.1%,0.7%,$0.00,"$662,203,797","$662,203,797",1.0,
,117,Mantle Staked Ether                          METH,Buy,"$2,495.26",0.1%,0.3%,21.2%,26.5%,"$5,646,519","$661,434,447","$661,434,447",1.0,
,118,Jupiter                          JUP,Buy,$0.1991,0.2%,5.3%,3.5%,6.9%,"$63,309,042","$646,812,595","$1,368,637,290",0.47,
,119,Solv Protocol BTC                          SOLVBTC,Buy,"$77,887.37",0.1%,0.1%,11.1%,14.4%,"$435,976","$643,731,404","$643,731,207",1.0,
,120,Bonk                          BONK,Buy,$0.057219,0.1%,0.5%,16.2%,42.7%,"$70,263,322","$635,675,229","$635,675,229",1.0,
,121,Polygon PoS Bridged DAI (Polygon POS)                          DAI,Buy,$0.9998,0.0%,0.0%,0.0%,0.0%,"$15,599,592","$634,001,841","$634,047,335",1.0,
,122,Liquid Staked ETH                          LSETH,Buy,"$2,446.55",0.1%,0.4%,21.5%,26.8%,"$313,798","$629,373,717","$629,373,717",1.0,
,123,USDai                          USDAI,,$0.9995,0.0%,0.0%,0.0%,0.1%,"$5,879,133","$619,597,640","$619,597,640",1.0,
,125,Beldex                          BDX,Buy,$0.08087,0.4%,0.3%,1.4%,11.7%,"$8,434,883","$615,032,820","$803,477,575",0.77,
,124,clBTC                          CLBTC,Buy,"$79,603.10",1.7%,0.6%,8.3%,12.0%,"$7,462.25","$614,791,985","$614,791,985",1.0,
,126,Arbitrum Bridged WBTC (Arbitrum One)                          WBTC,Buy,"$77,886.71",0.2%,0.3%,11.1%,14.4%,"$163,270,780","$610,210,590","$610,210,590",1.0,
,127,Sei                          SEI,Buy,$0.08900,0.2%,1.7%,15.0%,28.8%,"$52,072,799","$589,341,148","$891,290,595",0.66,
,128,Usual USD                          USD0,,$0.9940,0.2%,0.3%,0.0%,0.3%,"$3,310,125","$577,412,474","$577,412,595",1.0,
,129,Wrapped Flare                          WFLR,,$0.01008,0.4%,0.9%,3.9%,11.9%,"$4,593,591","$574,637,077","$574,637,077",1.0,
,130,Janus Henderson Anemoy Treasury Fund                          JTRSY,,$1.09,0.0%,0.0%,0.0%,0.3%,$0.00,"$566,481,128","$566,481,128",1.0,
,131,Stacks                          STX,Buy,$0.3161,2.0%,18.7%,7.8%,4.4%,"$77,413,442","$560,088,772","$560,088,772",1.0,
,132,L2 Standard Bridged WETH (Base)                          WETH,Buy,"$2,301.07",0.1%,0.6%,20.9%,26.6%,"$523,656,075","$556,167,143","$556,167,143",1.0,
,133,Dash                          DASH,Buy,$43.84,0.1%,1.5%,27.3%,2.2%,"$99,978,544","$551,796,388","$551,796,388",1.0,
,134,StakeWise Staked ETH                          OSETH,Buy,"$2,444.77",0.1%,1.7%,21.0%,25.9%,"$245,180","$533,976,973","$533,976,973",1.0,
,135,PancakeSwap                          CAKE,Buy,$1.58,0.1%,1.7%,16.1%,22.6%,"$40,764,094","$526,627,393","$547,754,354",0.96,
,136,Binance-Peg XRP                          XRP,Buy,$1.61,0.1%,2.2%,14.3%,23.4%,"$2,193,162","$523,360,604","$523,360,604",1.0,
,138,Renzo Restaked ETH                          EZETH,Buy,"$2,457.51",0.1%,0.7%,21.2%,26.6%,"$261,795","$522,119,851","$522,119,851",1.0,
,139,Tezos                          XTZ,Buy,$0.4844,0.7%,3.3%,12.3%,12.5%,"$20,338,977","$520,126,170","$529,839,712",0.98,
,137,​​Stable                          STABLE,,$0.02888,3.3%,3.6%,33.8%,77.0%,"$62,116,549","$519,903,802","$2,888,354,456",0.18,
,140,GHO                          GHO,Buy,$0.9995,0.0%,0.0%,0.0%,0.0%,"$17,535,603","$508,336,697","$508,336,697",1.0,
,141,Jupiter Staked SOL                          JUPSOL,Buy,$119.96,0.2%,0.2%,16.3%,23.1%,"$4,184,760","$502,910,054","$502,910,054",1.0,
,142,Story                          IP,Buy,$1.42,1.3%,1.7%,33.1%,33.6%,"$86,190,350","$495,624,397","$1,449,809,589",0.34,
,143,TrueUSD                          TUSD,,$0.9981,0.0%,0.1%,0.0%,0.0%,"$6,890,111","$493,613,096","$493,613,096",1.0,
,144,A7A5                          A7A5,,$0.01251,2.8%,3.2%,4.4%,2.9%,"$5,027.55","$490,400,361","$490,400,361",1.0,
,145,Pudgy Penguins                          PENGU,Buy,$0.007652,0.2%,1.5%,19.2%,40.0%,"$97,804,673","$481,367,540","$610,719,242",0.79,
,146,tBTC                          TBTC,Buy,"$77,840.99",0.5%,0.4%,11.1%,14.7%,"$7,042,649","$475,118,284","$475,119,086",1.0,
,147,Fasttoken                          FTN,Buy,$1.09,0.1%,0.0%,0.2%,0.0%,"$10,440,592","$472,060,830","$947,425,388",0.5,
,148,Arbitrum Bridged WETH (Arbitrum One)                          WETH,Buy,"$2,295.51",0.2%,0.8%,21.1%,26.8%,"$286,867,236","$460,076,823","$460,076,823",1.0,
,149,Chiliz                          CHZ,,$0.04457,0.1%,3.9%,17.5%,0.4%,"$73,689,164","$457,656,194","$457,656,194",1.0,
,150,Optimism                          OP,Buy,$0.2291,0.1%,0.8%,22.2%,28.0%,"$55,653,774","$445,755,479","$984,780,924",0.45,
,151,First Digital USD                          FDUSD,,$0.9981,0.0%,0.0%,0.1%,0.0%,"$116,465,473","$443,153,838","$443,153,838",1.0,
,152,c8ntinuum                          CTM,,$0.1009,0.0%,0.1%,16.0%,20.7%,"$1,134,320","$440,295,129","$897,739,805",0.49,
,153,Virtuals Protocol                          VIRTUAL,Buy,$0.6555,0.1%,1.4%,17.3%,25.7%,"$69,399,414","$429,648,439","$654,669,840",0.66,
,154,Curve DAO                          CRV,Buy,$0.2859,0.2%,0.7%,16.0%,32.3%,"$56,291,331","$421,826,831","$672,349,143",0.63,
,155,EURC                          EURC,,$1.18,0.0%,0.4%,1.2%,0.7%,"$32,996,190","$421,565,506","$421,565,506",1.0,
,156,Artificial Superintelligence Alliance                          FET,Buy,$0.1823,0.1%,1.2%,16.9%,29.3%,"$46,957,241","$417,493,097","$495,499,699",0.84,
,157,USDB                          USDB,,$0.9960,0.4%,0.5%,1.5%,0.6%,"$149,541","$404,707,015","$404,707,015",1.0,
,158,Lighter                          LIT,,$1.62,0.7%,3.4%,12.2%,37.4%,"$53,892,676","$404,686,746","$1,618,746,985",0.25,
,159,Resolv USR                          USR,,$0.9984,0.1%,0.1%,0.1%,0.2%,"$490,527","$394,961,936","$394,961,936",1.0,
,160,Resolv wstUSR                          WSTUSR,,$1.13,0.0%,0.0%,0.1%,0.3%,"$1,172,619","$388,359,862","$388,359,862",1.0,
,161,GTETH                          GTETH,Buy,"$2,302.94",0.1%,0.5%,20.8%,26.6%,"$86,642.39","$387,133,262","$387,133,262",1.0,
,162,Lorenzo Wrapped Bitcoin                          ENZOBTC,,"$78,318.69",0.0%,1.5%,13.4%,13.4%,$7.06,"$386,218,220","$386,218,220",1.0,
,163,DoubleZero                          2Z,Buy,$0.1105,0.1%,1.7%,5.5%,13.2%,"$10,696,658","$383,787,048","$1,105,562,922",0.35,
,164,Kinesis Gold                          KAU,,$158.14,0.4%,4.8%,3.4%,13.7%,"$1,582,893","$377,362,021","$377,362,021",1.0,
,165,LayerZero                          ZRO,,$1.84,0.6%,2.3%,3.4%,32.7%,"$82,559,432","$373,437,621","$1,842,962,109",0.2,
,166,Steakhouse USDC Morpho Vault                          STEAKUSDC,,$1.12,0.0%,0.0%,0.1%,0.3%,$6.97,"$371,301,453","$371,295,478",1.0,
,167,JUST                          JST,Buy,$0.04186,0.3%,0.5%,6.8%,5.6%,"$24,592,664","$369,225,746","$369,225,746",1.0,
,168,Injective                          INJ,Buy,$3.68,0.2%,0.3%,15.5%,27.6%,"$41,740,442","$368,308,304","$368,308,304",1.0,
,169,Aerodrome Finance                          AERO,Buy,$0.3969,0.1%,0.5%,10.1%,31.3%,"$20,041,193","$363,624,717","$726,920,769",0.5,
,170,Ether.Fi Liquid ETH                          LIQUIDETH,Buy,"$2,482.27",0.3%,0.3%,20.7%,26.7%,"$3,512.51","$362,411,083","$362,411,083",1.0,
,171,Maple Finance                          SYRUP,Buy,$0.3098,0.3%,4.2%,7.3%,13.9%,"$18,366,998","$358,590,500","$376,868,397",0.95,
,173,Sun Token                          SUN,Buy,$0.01854,0.4%,7.0%,3.6%,6.9%,"$39,185,504","$356,397,386","$369,292,136",0.97,
,172,Kaia                          KAIA,Buy,$0.06073,1.2%,7.8%,14.6%,0.5%,"$34,787,447","$356,155,530","$356,155,541",1.0,
,174,sBTC                          SBTC,Buy,"$78,345.70",0.6%,0.7%,10.9%,14.3%,"$223,113","$355,952,415","$355,952,415",1.0,
,175,Lido DAO                          LDO,Buy,$0.4164,0.0%,1.6%,18.4%,34.0%,"$29,267,931","$353,557,836","$416,898,568",0.85,
,176,Ether.fi                          ETHFI,Buy,$0.5006,0.3%,0.6%,14.7%,36.2%,"$33,065,951","$350,609,757","$500,592,981",0.7,
,177,Marinade Staked SOL                          MSOL,Buy,$139.33,0.1%,0.2%,16.4%,23.2%,"$5,223,255","$347,825,825","$347,723,695",1.0,
,178,AINFT                          NFT,Buy,$0.063495,0.1%,4.0%,0.7%,3.7%,"$12,384,213","$346,008,891","$346,008,891",1.0,
,179,BitTorrent                          BTT,Buy,$0.063486,0.2%,1.0%,13.0%,16.8%,"$13,838,032","$344,110,304","$345,142,984",1.0,
,180,FLOKI                          FLOKI,Buy,$0.00003552,0.0%,0.8%,13.7%,39.2%,"$41,880,090","$343,287,911","$355,548,979",0.97,
,181,Savings USDD                          SUSDD,,$1.03,0.0%,0.1%,-,-,"$1,437,916","$338,819,214","$338,819,214",1.0,
,182,Coinbase Wrapped Staked ETH                          CBETH,Buy,"$2,576.73",0.2%,1.6%,20.9%,26.6%,"$4,770,921","$328,256,294","$963,865,276",0.34,
,183,Celestia                          TIA,Buy,$0.3735,0.2%,0.4%,15.1%,33.0%,"$29,142,610","$327,180,492","$433,959,653",0.75,
,184,Decred                          DCR,Buy,$18.94,1.0%,1.1%,4.8%,9.1%,"$3,398,468","$326,969,344","$326,995,467",1.0,
,185,Kinesis Silver                          KAG,,$87.75,0.9%,8.5%,21.5%,19.1%,"$4,221,047","$326,939,520","$326,939,520",1.0,
,186,The Graph                          GRT,Buy,$0.03023,0.1%,0.0%,14.8%,25.4%,"$15,054,202","$323,732,800","$326,635,334",0.99,
,187,Staked Aave                          STKAAVE,,$126.67,0.0%,1.0%,16.4%,22.6%,"$32,007.64","$318,711,415","$318,711,415",1.0,
,188,IOTA                          IOTA,Buy,$0.07335,0.4%,0.8%,12.8%,26.7%,"$10,486,684","$313,170,513","$353,129,899",0.89,
,189,Stader ETHx                          ETHX,Buy,"$2,477.60",0.2%,1.6%,21.0%,26.7%,"$2,482.45","$310,500,259","$310,500,259",1.0,
,190,Bitcoin SV                          BSV,Buy,$15.46,0.2%,0.5%,12.4%,17.0%,"$7,308,825","$308,970,867","$308,970,963",1.0,
,191,Wrapped STX (Velar)                          WSTX,,$0.3090,0.0%,19.7%,5.6%,3.4%,$793.53,"$308,957,596","$308,957,596",1.0,
,192,JasmyCoin                          JASMY,Buy,$0.006191,0.4%,2.9%,7.0%,8.4%,"$18,526,800","$306,308,404","$309,746,594",0.99,
,193,Cap USD                          CUSD,,$1.02,1.7%,1.6%,2.8%,1.5%,"$27,245.17","$305,606,973","$305,606,973",1.0,
,194,crvUSD                          CRVUSD,,$0.9976,0.3%,0.1%,0.1%,0.2%,"$26,346,723","$304,466,458","$304,466,458",1.0,
,195,USX                          USX,,$0.9998,0.0%,0.0%,0.0%,0.1%,"$1,113,586","$302,382,224","$302,382,224",1.0,
,196,ether.fi Staked ETH                          EETH,Buy,"$2,289.36",0.2%,1.8%,21.4%,27.0%,"$18,937.34","$301,273,958","$7,788,070,864",0.04,
,197,Starknet                          STRK,Buy,$0.05673,0.0%,1.6%,16.6%,35.2%,"$45,717,045","$300,123,000","$567,946,152",0.53,
,198,Gnosis                          GNO,,$112.76,0.2%,2.9%,18.8%,19.0%,"$7,021,739","$299,121,741","$339,963,996",0.88,
,199,Wrapped ApeCoin                          WAPE,,$0.1473,0.4%,0.5%,17.9%,32.9%,"$409,129","$295,919,528","$295,919,546",1.0,
,200,Avalanche Bridged BTC (Avalanche)                          BTC.B,Buy,"$78,256.67",0.1%,0.1%,10.9%,14.1%,"$12,633,347","$295,502,488","$295,502,488",1.0,
,201,Pyth Network                          PYTH,Buy,$0.05076,0.1%,1.6%,13.2%,24.5%,"$17,460,036","$292,040,173","$507,897,500",0.57,
,202,Binance-Peg BUSD                          BUSD,,$0.9999,0.2%,0.0%,0.1%,0.4%,"$2,906,975","$290,317,836","$290,317,836",1.0,
,203,Telcoin                          TEL,Buy,$0.003036,0.1%,6.6%,15.1%,25.0%,"$2,793,640","$288,819,528","$303,773,584",0.95,
,204,Conflux                          CFX,Buy,$0.05582,0.0%,0.1%,16.6%,29.9%,"$11,181,727","$288,443,553","$320,473,967",0.9,
,205,SPX6900                          SPX,Buy,$0.3084,0.4%,0.5%,16.7%,52.2%,"$15,152,488","$287,635,247","$287,635,247",1.0,
,206,Trust Wallet                          TWT,Buy,$0.6701,0.0%,0.5%,20.0%,26.0%,"$20,798,072","$279,421,146","$670,637,736",0.42,
,207,Olympus                          OHM,,$17.72,0.5%,2.2%,14.9%,18.7%,"$629,238","$277,585,614","$373,289,523",0.74,
,208,Binance-Peg Dogecoin                          DOGE,Buy,$0.1077,0.2%,0.0%,11.3%,29.1%,"$3,195,222","$276,209,363","$276,209,363",1.0,
,209,Legacy Frax Dollar                          FRAX,,$0.9907,0.1%,0.2%,0.2%,0.2%,"$4,481,434","$273,796,995","$273,796,995",1.0,
,210,AB                          AB,Buy,$0.002760,0.2%,0.5%,33.2%,38.7%,"$6,201,650","$272,954,590","$272,954,590",1.0,
,211,Undeads Games                          UDS,,$2.19,0.6%,1.1%,5.1%,17.1%,"$333,140","$272,585,818","$547,145,224",0.5,
,212,The Sandbox                          SAND,Buy,$0.09976,0.4%,1.6%,22.6%,18.0%,"$28,612,875","$266,325,614","$299,546,386",0.89,
,213,Ethereum Name Service                          ENS,Buy,$6.86,0.1%,1.3%,21.0%,34.1%,"$24,544,932","$262,087,221","$686,026,028",0.38,
,214,Axie Infinity                          AXS,,$1.55,0.1%,5.6%,38.6%,63.5%,"$127,170,470","$261,469,497","$418,024,119",0.63,
,215,Staked Cap USD                          STCUSD,,$1.05,1.1%,0.2%,1.7%,0.6%,$4.19,"$256,420,073","$256,420,073",1.0,
,217,Unit Bitcoin                          UBTC,,"$78,302.34",0.1%,0.5%,11.0%,14.1%,"$66,351,071","$256,342,824","$1,644,850,037,672",0.0,
,216,dogwifhat                          WIF,Buy,$0.2562,0.2%,0.1%,20.6%,30.1%,"$98,543,125","$256,066,686","$256,066,686",1.0,
,221,River                          RIVER,,$13.02,2.5%,42.0%,78.2%,14.3%,"$71,496,033","$255,264,432","$1,302,369,551",0.2,
,218,Kite                          KITE,,$0.1419,0.7%,4.3%,15.5%,50.0%,"$35,437,777","$255,219,168","$1,417,884,269",0.18,
,219,Sentient                          SENT,,$0.03511,1.5%,0.4%,30.4%,-,"$514,969,035","$254,228,074","$1,206,873,783",0.21,
,220,Pendle                          PENDLE,Buy,$1.55,0.1%,2.1%,17.3%,29.9%,"$43,327,305","$253,510,934","$436,905,864",0.58,
,223,Wrapped HYPE                          WHYPE,Buy,$35.82,0.2%,8.8%,30.9%,42.1%,"$280,833,733","$249,145,030","$249,809,275",1.0,
,222,ZKsync                          ZK,,$0.02360,0.3%,6.7%,14.0%,29.1%,"$92,658,398","$249,026,975","$595,029,319",0.42,
,224,Staked USDai                          SUSDAI,,$1.07,0.0%,0.3%,0.2%,0.4%,"$9,386,272","$248,419,870","$248,419,870",1.0,
,225,Kraken Wrapped BTC                          KBTC,,"$78,430.86",0.1%,0.5%,10.6%,14.2%,"$505,377","$247,253,103","$247,253,103",1.0,
,226,ADI                          ADI,,$2.47,0.9%,5.0%,24.2%,98.1%,"$1,997,481","$240,585,003","$2,470,959,826",0.1,
,227,Gate Wrapped BTC                          GTBTC,,"$78,342.44",0.1%,0.2%,11.1%,14.3%,"$573,876","$235,564,775","$235,564,775",1.0,
,229,MimbleWimbleCoin                          MWC,,$20.92,0.4%,0.3%,4.1%,11.2%,"$134,112","$234,117,652","$234,118,905",1.0,
,228,BENQI Liquid Staked AVAX                          SAVAX,Buy,$12.63,0.2%,0.5%,12.8%,27.5%,"$450,571","$233,751,849","$233,751,849",1.0,
,230,Aster Staked BNB                          ASBNB,,$818.89,0.1%,0.8%,12.4%,13.1%,"$132,053","$232,163,334","$232,163,334",1.0,
,231,StarkGate Bridged USDC (Starknet)                          USDC,,$0.9997,0.0%,0.0%,0.0%,0.0%,"$1,702,013","$230,452,318","$230,452,318",1.0,
,232,BTSE Token                          BTSE,,$1.41,0.0%,0.0%,8.2%,15.1%,"$12,288,345","$228,125,939","$281,530,083",0.81,
,233,NEO                          NEO,,$3.22,0.2%,0.4%,7.9%,16.3%,"$13,119,249","$226,975,728","$321,814,445",0.71,
,234,GALA                          GALA,Buy,$0.004802,0.2%,0.1%,19.3%,32.2%,"$23,670,015","$226,975,307","$226,975,307",1.0,
,235,Neutrl USD                          NUSD,,$0.9981,0.1%,0.2%,0.2%,0.2%,"$739,255","$226,430,401","$226,430,500",1.0,
,236,Binance Wrapped BTC                          BBTC,,"$77,641.46",0.5%,3.0%,11.2%,14.7%,"$40,828.18","$225,160,226","$225,160,226",1.0,
,237,Fartcoin                          FARTCOIN,,$0.2232,0.4%,0.8%,21.8%,38.5%,"$46,577,094","$224,213,571","$224,213,571",1.0,
,238,Wrapped Aave Ethereum USDC                          WAETHUSDC,,$1.16,0.0%,3.9%,0.5%,0.4%,"$108,982,646","$222,673,371","$222,673,371",1.0,
,239,Theta Network                          THETA,Buy,$0.2223,0.9%,0.8%,16.2%,24.7%,"$8,965,491","$222,413,824","$222,413,824",1.0,
,240,SwissBorg                          BORG,,$0.2235,0.9%,3.0%,0.6%,14.7%,"$428,829","$220,093,385","$220,093,385",1.0,
,241,YLDS                          YLDS,,$1.00000,0.0%,0.0%,0.0%,0.0%,"$1,574,468","$219,245,238","$219,245,238",1.0,
,242,Ultima                          ULTIMA,,"$5,777.62",0.4%,0.4%,3.4%,2.2%,"$9,843,175","$218,234,096","$577,764,778",0.38,
,243,USDa                          USDA,,$0.9874,-,-,-,-,$99.75,"$217,922,544","$217,922,544",1.0,
,244,Decentraland                          MANA,,$0.1131,0.1%,0.6%,18.4%,17.7%,"$15,970,112","$217,129,579","$248,141,309",0.88,
,245,Plasma                          XPL,Buy,$0.1004,0.4%,4.7%,19.9%,48.0%,"$48,631,333","$216,401,884","$1,003,926,265",0.22,
,246,AUSD                          AUSD,,$0.9996,0.0%,0.0%,0.0%,0.0%,"$36,332,893","$216,377,697","$216,377,697",1.0,
,248,Hastra Wrapped YLDS                          WYLDS,,$0.9995,0.0%,0.0%,0.0%,0.0%,"$20,771.25","$215,417,225","$215,417,225",1.0,
,247,Zebec Network                          ZBCN,,$0.002191,0.4%,4.4%,20.2%,15.7%,"$10,172,618","$215,251,220","$219,747,169",0.98,
,249,Ape and Pepe                          APEPE,Buy,$0.051016,0.0%,0.8%,8.3%,2.3%,"$28,581,233","$213,496,278","$213,496,278",1.0,
,250,PRIME                          PRIME,,$1.01,0.0%,0.0%,0.1%,0.5%,"$111,100","$213,162,092","$213,162,092",1.0,
,251,Golem                          GLM,,$0.2136,0.2%,2.1%,8.9%,10.7%,"$17,810,838","$212,757,883","$212,757,883",1.0,
,253,Noble USDC                          USDC.N,,$1.00,0.3%,0.5%,0.4%,0.2%,"$623,987","$211,487,872","$211,487,872",1.0,
,252,Humanity                          H,,$0.1149,0.9%,5.2%,26.6%,34.9%,"$34,676,742","$210,474,647","$1,153,285,739",0.18,
,254,Onyxcoin                          XCN,,$0.005663,0.1%,1.8%,10.3%,16.2%,"$7,475,484","$209,647,751","$302,608,047",0.69,
,255,Polygon PoS Bridged WETH (Polygon POS)                          WETH,Buy,"$2,299.32",0.0%,1.4%,20.9%,26.6%,"$9,632,102","$207,495,356","$207,495,362",1.0,
,256,Spiko US T-Bills Money Market Fund                          USTBL,,$1.07,0.0%,0.0%,0.1%,0.3%,$49.95,"$205,751,193","$205,751,193",1.0,
,257,Blockchain Capital                          BCAP,,$22.45,0.0%,0.9%,0.9%,2.1%,$0.00,"$204,566,892","$204,566,892",1.0,
,258,Fluid                          FLUID,,$2.62,0.4%,0.4%,6.3%,13.7%,"$3,989,237","$203,526,685","$262,504,846",0.78,
,259,Terra Luna Classic                          LUNC,,$0.00003682,0.0%,0.2%,1.5%,15.5%,"$13,774,542","$201,460,539","$238,458,157",0.84,
,261,Arbitrum Bridged Wrapped eETH (Arbitrum)                          WEETH,Buy,"$2,501.13",0.1%,1.5%,20.9%,26.5%,"$507,512","$197,975,573","$197,975,573",1.0,
,260,Wrapped Aave Ethereum USDT                          WAETHUSDT,,$1.15,0.0%,3.1%,0.8%,0.0%,"$114,778,182","$197,584,656","$197,759,190",1.0,
,262,Sonic                          S,Buy,$0.05203,0.2%,0.8%,21.5%,43.9%,"$22,324,217","$197,034,082","$202,277,624",0.97,
,263,Compound                          COMP,,$20.13,0.8%,1.0%,14.0%,24.3%,"$26,766,692","$194,318,779","$200,987,769",0.97,
,264,WeFi                          WFI,,$2.43,0.7%,0.5%,15.0%,10.6%,"$4,325,548","$192,761,947","$2,432,599,927",0.08,
,265,Monad                          MON,,$0.01773,2.8%,4.8%,13.8%,37.2%,"$64,224,254","$192,113,057","$1,773,801,562",0.11,
,266,Mantle Bridged WETH (Mantle)                          WETH,Buy,"$2,295.52",0.2%,0.3%,21.0%,27.0%,"$4,629,755","$190,558,270","$190,558,270",1.0,
,267,Tradable NA Rent Financing Platform SSTN                          PC0000031,,$1.00,0.0%,0.0%,0.0%,0.0%,$0.00,"$189,500,000","$189,500,000",1.0,
,268,Savings Dai                          SDAI,,$1.17,0.0%,0.0%,0.1%,0.0%,"$195,975","$188,753,811","$188,753,811",1.0,
,269,Raydium                          RAY,,$0.6992,0.4%,2.3%,27.1%,37.1%,"$26,914,670","$188,301,602","$388,653,152",0.48,
,270,Arbitrum Bridged wstETH (Arbitrum)                          WSTETH,Buy,"$2,816.27",0.0%,0.7%,21.0%,26.6%,"$2,437,325","$187,541,445","$187,541,445",1.0,
,271,RealLink                          REAL,,$0.06024,0.2%,0.5%,15.7%,21.8%,"$5,503,805","$186,735,497","$186,735,497",1.0,
,272,Falcon Finance                          FF,,$0.07917,0.1%,0.8%,11.1%,16.8%,"$106,837,337","$185,265,445","$791,732,670",0.23,
,274,Mantle Restaked ETH                          CMETH,,"$2,491.42",0.1%,0.2%,21.3%,26.6%,"$9,851,978","$184,130,842","$184,130,842",1.0,
,273,Drift Staked SOL                          DSOL,,$120.19,0.1%,0.0%,18.1%,23.1%,"$11,174.58","$183,981,503","$183,981,503",1.0,
,276,Frax Ether                          FRXETH,,"$2,288.21",0.1%,1.5%,21.4%,26.8%,"$1,895,914","$183,279,875","$183,279,875",1.0,
,275,Basic Attention                          BAT,,$0.1224,0.0%,2.0%,28.0%,44.4%,"$21,827,928","$183,198,833","$183,723,860",1.0,
,277,Vision                          VSN,,$0.05131,0.1%,2.8%,7.2%,43.0%,"$19,336,558","$183,153,322","$215,504,607",0.85,
,278,Quantum Resistant Ledger                          QRL,,$2.31,0.0%,8.5%,11.6%,12.8%,"$188,857","$181,387,563","$181,387,563",1.0,
,279,Helium                          HNT,Buy,$0.9713,0.1%,0.8%,11.4%,38.9%,"$7,197,557","$181,149,161","$216,809,527",0.84,
,281,pippin                          PIPPIN,,$0.1789,0.4%,1.3%,42.6%,64.2%,"$23,504,452","$180,044,506","$180,044,506",1.0,
,280,eCash                          XEC,,$0.058985,0.4%,0.2%,12.0%,23.2%,"$4,532,135","$179,825,015","$179,825,690",1.0,
,282,Cronos Bridged USDC (Cronos)                          USDC,,$0.9969,0.1%,0.4%,0.1%,0.8%,"$3,800,406","$178,938,668","$178,938,668",1.0,
,283,Polygon Bridged WBTC (Polygon POS)                          WBTC,Buy,"$77,958.32",0.0%,0.0%,11.1%,14.4%,"$4,662,959","$177,807,296","$177,807,296",1.0,
,284,InfiniFi USD                          IUSD,,$0.9991,0.1%,0.1%,0.1%,0.1%,"$329,979","$177,598,826","$177,598,826",1.0,
,285,Bybit Staked SOL                          BBSOL,,$116.21,0.2%,0.9%,17.0%,23.2%,"$5,716,765","$177,200,497","$177,200,497",1.0,
,286,Superbridge Bridged wstETH (Base)                          WSTETH,Buy,"$2,818.34",0.0%,1.6%,20.9%,26.6%,"$2,966,747","$176,869,138","$176,869,138",1.0,
,287,MX                          MX,,$1.91,0.3%,0.5%,2.2%,7.6%,"$8,530,587","$175,227,761","$780,428,860",0.22,
,288,Shmeegus                          SHMEEGUS,,$0.051983,-,-,-,-,$421.76,"$175,075,968","$175,075,968",1.0,
,289,Theo Short Duration US Treasury Fund                          THBILL,,$1.01,0.1%,0.0%,0.1%,0.0%,"$5,569,643","$174,993,874","$174,993,874",1.0,
,290,BUILDon                          B,,$0.1725,0.3%,7.8%,11.5%,14.4%,"$5,027,302","$172,508,389","$172,508,389",1.0,
,291,Convex Finance                          CVX,,$1.86,0.3%,0.4%,8.9%,11.7%,"$6,850,854","$170,621,828","$185,854,028",0.92,
,292,Aster USDF                          USDF,,$0.9977,0.0%,0.0%,0.0%,0.0%,"$429,712","$170,237,492","$170,237,492",1.0,
,293,Arweave                          AR,,$2.54,0.2%,1.3%,22.2%,36.6%,"$19,445,048","$166,624,561","$166,624,561",1.0,
,294,THORChain                          RUNE,,$0.4656,0.3%,0.3%,16.9%,21.0%,"$28,458,818","$163,703,727","$198,208,582",0.83,
,295,Resolv Liquidity Provider Token                          RLP,,$1.28,0.0%,0.1%,0.1%,0.6%,"$929,217","$162,975,606","$162,975,606",1.0,
,296,OriginTrail                          TRAC,,$0.3637,0.4%,5.7%,4.3%,15.7%,"$8,462,490","$162,687,426","$181,865,460",0.89,
,298,1INCH                          1INCH,,$0.1152,0.5%,0.5%,1.2%,27.1%,"$22,580,844","$162,175,710","$172,803,855",0.94,
,297,KOGE                          KOGE,,$47.96,0.0%,0.0%,0.0%,0.0%,"$62,232,202","$162,092,246","$162,092,246",1.0,
,299,Wrapped AVAX                          WAVAX,,$10.14,0.0%,0.1%,13.2%,28.6%,"$127,763,526","$162,009,920","$161,980,048",1.0,
,300,Fidelity Digital Interest Token                          FDIT,,$1.00,0.0%,0.0%,0.0%,0.0%,$0.00,"$161,010,506","$161,010,506",1.0,
